name,ra,dec,GAL_LONG,GAL_LAT,flux,fluxerr,velcenter,velerr,w50max,velerr,w20max,velerr,DLG,MHI,a,ra_dec,dec_d
J2001+2736,20:01:59,27:36:51,65.3,-1.6,1.2,0.3,3205,5,77.0,10,98.0,14,45.7,8.8,a,300.49583333333334,27.614166666666666
J2003+2515,20:03:29,25:15:07,63.5,-3.1,1.6,0.4,3048,5,125.0,11,145.0,16,41.0,8.8,a,300.8708333333333,25.251944444444444
J2004+2727,20:04:10,27:27:56,65.4,-2.1,2.1,0.4,4336,7,194.0,14,239.0,21,60.9,9.3,a,301.04166666666663,27.465555555555557
J1957+2633,19:57:37,26:33:21,63.9,-1.3,2.3,0.5,4405,6,202.0,12,226.0,17,63.9,9.3,a,299.40416666666664,26.555833333333332
J2001+2659,20:01:27,26:59:49,64.7,-1.8,3.6,0.5,3140,3,214.0,6,229.0,10,43.9,9.2,a,300.3625,26.996944444444445
J1949+2411,19:49:52,24:11:10,60.9,-1.0,9.9,1.1,3119,3,255.0,6,272.0,9,42.5,9.6,a,297.4666666666667,24.18611111111111
