name,ra,dec,GAL_LONG,GAL_LAT,flux,fluxerr,velcenter,velerr,w50max,velerr,w20max,velerr,DLG,MHI,a,ra_dec,dec_d
J1910+2349,19:10:18,23:49:11,56.3,6.7,1.1,0.4,7324,10,194.0,20,233.0,31,103.6,9.4,a,287.575,23.81972222222222
J1922+2434,19:22:17,24:34:54,58.2,4.7,1.4,0.3,7178,7,220.0,15,265.0,22,102.3,9.5,a,290.5708333333333,24.581666666666667
J1917+2354,19:17:60,23:54:48,57.2,5.2,1.7,0.4,8110,6,156.0,11,186.0,17,117.0,9.8,a,289.5,23.913333333333334
J1907+2900\footnotemark[2],19:07:05,29:00:28,60.7,9.7,13.0*,2.9,3908,10,406.0,19,439.0,29,59.3,10.0,a,286.77083333333337,29.007777777777783
J1905+2842,19:05:25,28:42:32,60.2,9.9,2.3,0.4,7150,3,161.0,6,173.0,10,104.1,9.8,a,286.3541666666667,28.70888888888889
J1905+2700,19:05:15,27:00:35,58.7,9.2,3.4,0.6,4737,5,198.0,10,217.0,15,64.1,9.5,a,286.31249999999994,27.009722222222223
J1909+2649,19:09:28,26:49:12,58.9,8.2,8.1,1.0,4731,3,274.0,7,292.0,10,66.5,9.9,a,287.3666666666666,26.82
J1911+2421,19:11:37,24:21:08,56.9,6.7,8.9,1.1,642,2,116.0,4,126.0,7,10.5,8.4,a,287.90416666666664,24.352222222222224
