name,ra,dec,GAL_LONG,GAL_LAT,flux,fluxerr,velcenter,velerr,w50max,velerr,w20max,velerr,DLG,MHI,a,ra_dec,dec_d
J1941+2816,19:41:33,28:16:40,63.6,2.6,3.0,0.4,6769,8,221.0,15,309.0,23,94.2,9.8,a,295.3875,28.27777777777778
J1942+2823,19:42:24,28:23:08,63.7,2.5,0.8,0.2,4592,4,105.0,8,124.0,12,62.8,8.8,a,295.6,28.385555555555555
J1944+2753,19:44:24,27:53:34,63.5,1.9,1.1,0.2,5647,6,111.0,12,167.0,18,79.8,9.2,a,296.1,27.892777777777777
J1949+2411,19:49:52,24:11:10,60.9,-1.0,9.9,1.1,3119,3,255.0,6,272.0,9,42.5,9.6,a,297.4666666666667,24.18611111111111
